{
  "project_info": {
    "project_number": "223265592968",
    "project_id": "foodhubapp-3280b",
    "storage_bucket": "foodhubapp-3280b.appspot.com"
  },
  "client": [
    {
      "client_info": {
        "mobilesdk_app_id": "1:223265592968:android:3b7f28736e3b706633f13d",
        "android_client_info": {
          "package_name": "com.example.tablereservation"
        }
      },
      "oauth_client": [
        {
          "client_id": "223265592968-gnbbv0k4j73rsr1np1sbj08dfh504a94.apps.googleusercontent.com",
          "client_type": 1,
          "android_info": {
            "package_name": "com.example.tablereservation",
            "certificate_hash": "0c95b8195e6f4095b0441bd6e9d69e266faed19a"
          }
        },
        {
          "client_id": "223265592968-cm7s8ohnlsjd8htmv7ba62a70gn9n4h9.apps.googleusercontent.com",
          "client_type": 3
        }
      ],
      "api_key": [
        {
          "current_key": "AIzaSyCkh-PLMkI7OEXoT3WqyVVC155YH-ucjk8"
        }
      ],
      "services": {
        "appinvite_service": {
          "other_platform_oauth_client": [
            {
              "client_id": "223265592968-cm7s8ohnlsjd8htmv7ba62a70gn9n4h9.apps.googleusercontent.com",
              "client_type": 3
            }
          ]
        }
      }
    }
  ],
  "configuration_version": "1"
}